Title,Author,url,timestamp
"Parrots in a tree, HEB parking lot McAllen, TX",chris_ut,https://i.redd.it/ptz4d6p4pue21.jpg,2019-02-05 19:27:47
"Got homesick 750 miles away from Texas, so I went to HEB",pjdrr,https://i.redd.it/m7cq3zsid6e21.jpg,2019-02-02 09:39:55
HEB really does know how to Texas.,Theworstmaker,https://i.imgur.com/jQZXGwc.jpg,2019-02-10 14:06:55
Non-monogamous vibes from HEB this v-day,nrkatalyst,https://i.redd.it/80hi04moygg21.jpg,2019-02-13 23:24:39
"Moving to Texas, is it pronounced H.E.B. or Heb?",bluedollll,https://www.reddit.com/r/texas/comments/alal3y/moving_to_texas_is_it_pronounced_heb_or_heb/,2019-01-30 02:07:43
HEB debuts True Texas Boil House today in Houston,daves_not__here,https://i.redd.it/jd7g6s1q3tc21.jpg,2019-01-26 11:57:46
Is there an equivalent to HEB outside of Texas?,notspicy,https://www.reddit.com/r/texas/comments/akkmjy/is_there_an_equivalent_to_heb_outside_of_texas/,2019-01-28 00:09:20
HEB homies when is the best time to go to get discounted meat?,Justice_Network,https://www.reddit.com/r/texas/comments/at4k0l/heb_homies_when_is_the_best_time_to_go_to_get/,2019-02-21 09:43:13
Looking for a tree to park under at HEB.,Ohioisforleaving,https://v.redd.it/heieqrgwyqf21,2019-02-10 10:38:22
One-stop shopping in Uvalde,texcoast46,https://i.redd.it/vdbmxcfl6dh21.jpg,2019-02-18 11:46:15
"Doesn't get more Texan than HEB, cheap gas, and Whataburger all in one",Maskedcrusader94,https://imgur.com/duAzir2,2018-09-24 09:28:06
A little bit of Texas honesty for your Valentine’s Day,LancasterWiddershins,https://i.redd.it/1kh0gp2wg6g21.jpg,2019-02-12 12:07:04
I didn’t know that Mardi Gras has it’s own cake to hang de babies in! Thanks HEB #bestplacetohideabody,raychel2018,https://i.redd.it/w9l4has798j21.jpg,2019-02-27 21:20:02
Because Texas thats why,jzun2158,https://i.redd.it/6w7ew4k4v6j21.jpg,2019-02-27 16:39:17
"My last, and smartest, HEB purchase",cleavercutthroat,https://i.redd.it/wnawljk0j9t11.jpg,2018-10-19 22:49:15
There are no HEBs in El Paso?!?!,claroquesearight,https://www.reddit.com/r/texas/comments/a8bwez/there_are_no_hebs_in_el_paso/,2018-12-21 10:56:19
Wow! HEB’s cheese balls! Discuss.,PrincessKiza,https://i.redd.it/48jz0alxdw721.jpg,2019-01-01 17:39:37
"H-E-B was just named the 4th best grocery store in the U.S., according to a survey | Business",Chaz_The_Mayors_Aide,https://www.dallasnews.com/business/business/2019/01/15/h-e-b-named-4th-best-grocery-store-us-according-survey,2019-01-15 10:27:00
Does it get anymore Texan than an HEB food play set?! My LO was so excited!,lyndzkd,https://i.redd.it/6r9r03z2jp621.jpg,2018-12-26 17:32:01
There are good people out there.,rahl07,https://i.redd.it/5dpg3vsoff621.jpg,2018-12-25 07:35:01
Anyone try out that HEB pet food,sniffing_accountant,https://www.reddit.com/r/texas/comments/a8wk36/anyone_try_out_that_heb_pet_food/,2018-12-23 11:37:04
Yes! I no longer have to drive to HEB for Whataburger spicy ketchup!,nuker1110,https://i.imgur.com/tc64gG3.jpg,2018-09-15 11:47:40
Why I love Texas. We have HEB. Which now has store brand oreos with crunched coffee beans in the cream.,Watsonmom,https://i.redd.it/717mzmqdcfv11.jpg,2018-10-30 20:31:02
HEB in San Antonio provided this gem,sharks_w_lasers,https://imgur.com/ynAPHUQ.jpg,2018-10-18 21:14:50
All the grocery stores in Arizona got NOTHING on HEB,Eminelo,https://www.reddit.com/r/texas/comments/9ysg13/all_the_grocery_stores_in_arizona_got_nothing_on/,2018-11-20 08:05:34
Going to HEB when Texas weather happens,atxkeepitreal,https://i.redd.it/dz3fyx39fa421.jpg,2018-12-16 14:34:09
HEB employees: why do y’all put stickers on stupid shit like a 50 cent bottle of flavored water?,__vheissu__,https://www.reddit.com/r/texas/comments/a23gda/heb_employees_why_do_yall_put_stickers_on_stupid/,2018-12-01 08:32:28
HEB getting ready for high water rescues,thecrusadeswereahoax,https://i.redd.it/q14yhpxkfvf11.jpg,2018-08-13 09:31:20
Heb knows what’s up,Suck-You-Bus,https://i.redd.it/0lpairyki9t11.jpg,2018-10-19 22:46:52
"Well done, HEB.",winethief,https://i.redd.it/r40szlhipld11.jpg,2018-08-01 22:40:53
"Why Texas' favorite grocer (awesome HEB) is the ""cultiest"" in the U.S.",Artemus_Hackwell,https://www.eater.com/2018/12/11/18133776/heb-texas-origin-cult-following,2018-12-15 11:11:16
Has anyone here been helped out by HEB during a natural disaster?,NicholasPileggi,https://www.reddit.com/r/texas/comments/9r6tib/has_anyone_here_been_helped_out_by_heb_during_a/,2018-10-24 22:48:34
Buc-ee’s: The Path to World Domination,zsreport,https://www.texasmonthly.com/articles/buc-ees-the-path-to-world-domination/,2019-02-14 09:34:53
"Skip the chips, grab the...crickets? Edible crickets are coming to H-E-B",undue-influence,https://www.kvue.com/article/life/food/skip-the-chips-grab-thecrickets-edible-crickets-are-coming-to-h-e-b/269-628a74aa-b70c-4dd7-90df-7b38ce595ca6,2019-02-17 10:35:03
An Austin-centric (but interesting to all) list of HEB facts in honor of their 80th Birthday,Syllogism19,https://www.austin360.com/entertainmentlife/20181012/things-you-didnt-know-about-h-e-b-for-its-80th-birthday-in-austin,2018-10-14 14:54:56
HEB Brands you prefer and pass over?,AustinTxTeacher,https://www.reddit.com/r/texas/comments/9a6xgm/heb_brands_you_prefer_and_pass_over/,2018-08-25 08:54:04
H-E-B grocery stores to begin carrying Austin-made roasted cricket snacks,dallasmorningnews,https://www.dallasnews.com/business/retail/2019/02/15/h-e-b-grocery-stores-begin-carrying-austin-made-roasted-cricket-snacks,2019-02-15 15:13:27
Found the same company u/jellyjellybeans found.,GamingAddict955,https://i.redd.it/i3s4nrq6fj421.jpg,2018-12-15 18:51:20
Got kicked out of HEB,arcadiacollective,https://youtu.be/qIwbAmynV9U,2018-11-27 18:12:24
Why Does Texas Love the Grocery Store H-E-B So Much?,Jl_15,https://www.eater.com/2018/12/11/18133776/heb-texas-origin-cult-following,2018-12-15 10:04:22
I love this this view of Texas,Capnmolasses,https://i.redd.it/a2g509wk9yh21.jpg,2019-02-21 10:40:07
In case you forgot.,atoms_1,https://i.redd.it/ga25i7udup421.jpg,2018-12-16 16:27:00
"[PSA] Texans, HEB is having a 25% off sale on skincare, sath, & personal cleansing products through the 8th of October.",anustart2018,https://www.reddit.com/r/SkincareAddiction/comments/9loaud/psa_texans_heb_is_having_a_25_off_sale_on/,2018-10-05 12:38:29
"Packing to leave Texas for a couple days, am I missing anything?",gbobntx,https://i.redd.it/9he8jxzx6j621.jpg,2018-12-25 20:13:21
Best time to shop at H-E-B.,Avocado_OverDose,https://www.reddit.com/r/texas/comments/a7muws/best_time_to_shop_at_heb/,2018-12-19 08:26:50
HEB parking lot,Gebby254,https://i.redd.it/zp2mmzxhfm011.jpg,2018-05-28 11:33:47
Rant: why is there no HEB in Dallas,sadboipri,https://www.reddit.com/r/texas/comments/8nw1fa/rant_why_is_there_no_heb_in_dallas/,2018-06-01 17:24:54
HEB I Luuuuuuuuvvvvv You!,KimInWis,https://www.reddit.com/r/texas/comments/7y9yrn/heb_i_luuuuuuuuvvvvv_you/,2018-02-17 16:24:39
"H-E-B ranked top retailer in Texas, breaks into top 20 nationwide",Chaz_The_Mayors_Aide,https://valleycentral.com/news/local/h-e-b-ranked-top-retailer-in-texas-breaks-into-top-20-nationwide,2018-08-17 09:36:24
This should not exist,Agent_Michael_Scarn1,https://imgur.com/LYlc9L5.jpg,2019-01-25 13:54:33
First grocery shop at H-E-B! What must-have items should I add to my cart?,LobstahRolls,https://www.reddit.com/r/texas/comments/9xd4xr/first_grocery_shop_at_heb_what_musthave_items/,2018-11-15 11:17:24
Why Texas’s favorite store is the cultiest cult grocer in America,zsreport,https://www.eater.com/2018/12/11/18133776/heb-texas-origin-cult-following,2018-12-11 20:00:46
Looking for Pearl Beer near me: austin/elgin/bastrop?,solboard,https://i.redd.it/q41znekxs9c21.jpg,2019-01-23 19:03:22
HEB Creamy Creations vs Blue Bell,ob_gyn_kenobi3412,https://www.reddit.com/r/texas/comments/95rh9y/heb_creamy_creations_vs_blue_bell/,2018-08-08 19:01:24
"Laredo proud, spotted at HEB",Suz_E,https://i.redd.it/lsviijjwa3h11.jpg,2018-08-19 13:03:33
We’ve hit peak Texas.,DifficultHat,https://i.redd.it/423cuhkg9yy11.jpg,2018-11-17 14:20:58
I like my cheese how I like my women,De_roosian_spy,https://imgur.com/34du2Wv,2018-11-06 15:45:16
What is the fastest and easiest TABC certification site?,jeb7516,https://www.reddit.com/r/texas/comments/af25o8/what_is_the_fastest_and_easiest_tabc/,2019-01-11 18:48:45
In the HEB parking lot. Not sure if I’ve ever seen anything more Texas.,Chilipatily,https://i.redd.it/ipkiyxx1l1011.jpg,2018-05-25 13:06:35
HEB adds public art to new stores in Houston. Take that Walmart,Syllogism19,https://www.houstonchronicle.com/entertainment/arts-theater/article/H-E-B-lobs-a-new-weapon-in-the-grocery-wars-Art-13028529.php,2018-06-28 10:45:44
A sticker found on the belt at our local Brookshire Brothers grocery store.,salty_allocthon,https://i.redd.it/tqpvbic6qp621.jpg,2018-12-26 18:11:38
"If you're a fellow HEB Salt & Vinegar potato chip addict, I have a question for you!",AustinTxTeacher,https://www.reddit.com/r/texas/comments/90zjio/if_youre_a_fellow_heb_salt_vinegar_potato_chip/,2018-07-22 12:48:46
"Found in Kroger parking lot, made my day.",colourwheelz,https://i.redd.it/9p1udoq3i2h11.jpg,2018-08-19 10:22:07
HEB Curbside Issues,mrblacklabel71,https://www.reddit.com/r/texas/comments/94bp5i/heb_curbside_issues/,2018-08-03 12:41:12
HEB over here selling execution devices at a great price,ThorTheXMan,http://i.imgur.com/qY2X0Yj.jpg,2017-09-06 19:18:50
[Advice] Canadian Moving to Texas,alloutwhiteshade,https://www.reddit.com/r/texas/comments/a3kx9y/advice_canadian_moving_to_texas/,2018-12-05 23:23:24
You never know what you will miss when you don’t have it.,bryandn11,https://www.reddit.com/r/texas/comments/9ujjhk/you_never_know_what_you_will_miss_when_you_dont/,2018-11-05 18:51:20
HEB Cloud Views,Shikstaa,https://i.redd.it/zf96cqehioi01.jpg,2018-02-26 21:59:06
How Texas gets down,KRY4no1,https://i.redd.it/ebvaz45o3vi11.jpg,2018-08-28 11:37:24
Looking for authentic Texan items,eurovisionaire,https://www.reddit.com/r/texas/comments/a2v5v8/looking_for_authentic_texan_items/,2018-12-03 18:37:43
"Why is there no H-E-B store in Lubbock, TX.?",loyalmoonie,https://www.reddit.com/r/texas/comments/9wx4z0/why_is_there_no_heb_store_in_lubbock_tx/,2018-11-13 23:24:49
Brand Tier List,Justice_Network,https://i.imgur.com/3e4iqvf.png,2018-08-10 18:01:36
HEB website reportedly crashes in midst of Selena shopping bag frenzy,Rioraku,http://abc13.com/society/heb-website-reportedly-crashes-from-selena-shopping-bag-frenzy/3158578/,2018-03-02 14:47:59
HEB's online shopping lists suck,diegojones4,https://www.reddit.com/r/texas/comments/8dy1bq/hebs_online_shopping_lists_suck/,2018-04-21 14:36:05
It’s even hot at night.,ScottElder420,https://i.redd.it/gy87qmyghu111.jpg,2018-06-03 15:22:15
Do other states have their own special edition trucks or is that just us?,QuantumNutsack,https://www.reddit.com/r/texas/comments/9peejj/do_other_states_have_their_own_special_edition/,2018-10-18 18:25:53
"Woman tells H-E-B manager she is 'having problems,' he calls police and saves her from abusive partner",travelbae,https://www.statesman.com/news/court-documents-texas-supermarket-manager-saves-woman-from-abusive-partner/xGuuxmmtMlCPsWkbLyaUXL/,2018-08-06 11:24:31
How did HEB become the dominant grocery chain?,Instant_Dan,https://www.reddit.com/r/texas/comments/5z8t79/how_did_heb_become_the_dominant_grocery_chain/,2017-03-13 19:06:20
Confirmation via the HEB magazine rack.,brentoman,https://i.redd.it/l264scm525701.jpg,2017-12-30 16:47:54
No Meat in my local HEB in Houston after Harvey,alandershogitz,https://i.redd.it/13pwf8nbxxiz.jpg,2017-08-30 16:09:05
The case for seat heaters in Texas,ryanhollister,https://i.imgur.com/BdKZggq.jpg,2018-04-22 07:50:08
Best. Coffee. Ever.,usesbiggerwords,https://i.redd.it/rr7vyru9hpc11.jpg,2018-07-28 10:17:42
Majestic Boi,LordofSodium,https://i.redd.it/9q0grlhwuz911.jpg,2018-07-14 17:59:30
H-E-B’s first store is getting curbside let’s celebrate with a giant drivable grocery basket,Audji,https://i.redd.it/fkegc0d4ftm11.jpg,2018-09-17 10:14:14
Bluebell Whataburger ice cream!,mdfallis,https://i.redd.it/89r18vpo88b11.jpg,2018-07-20 23:15:09
You might be a redneck HEB version.,Hayak,https://i.redd.it/hljkxr7qg5ty.jpg,2017-04-22 13:43:07
Former Amazon executive mentioned HEB as a potential acquisition before they acquired Whole Foods,SemiLazyGamer,http://abc13.com/business/was-amazon-looking-to-scoop-up-h-e-b/2233320/?cmp_id=sf99302698&sf99302698=1,2017-07-19 23:15:30
Found this at kroger! We really are proud to be a texan,Peachzelli,https://i.redd.it/0v2tb085zk411.jpg,2018-06-17 10:35:58
Port Aransas caught flounder baked with HEB crab cake stuffing. So big it had to be diagonal in the oven. Yum.,Dotdashdotdot,https://i.redd.it/1yvpvkgzwx501.jpg,2017-12-24 15:42:19
HEB Brand marketing,mybandscks,http://imgur.com/WtUo3ky,2016-07-20 20:00:14
A Texans dessert,Mgm181,https://i.redd.it/rt2cy7ka9rg11.jpg,2018-08-17 20:33:06
"If you have H-E-B Fully Cooked Smoked Seasoned Shredded Beef with BBQ sauce in your fridge or freezer, you should throw it away or return it to HEB. It might contain plastic.",excoriator,http://www.expressnews.com/business/article/H-E-B-shredded-beef-supplier-issues-recall-12276342.php?t=7b99d2e46725af6379&cmpid=reddit-premium,2017-10-14 16:15:55
I love you fellow Texans,Classof2019Ag,https://www.reddit.com/r/texas/comments/8uvzbk/i_love_you_fellow_texans/,2018-06-29 14:35:56
New Hutto HEB will feature a 24-hour Whataburger drive-in. It's the first of its kind.,XCalibur672,http://www.statesman.com/business/central-texas-store-getting-whataburger-drive-through/JqdXNol8M9VLg1fHBNMz6K/,2017-01-19 15:48:37
Texas nightmare: Forgetting to grab spicy ketchup,Slavador2017,https://i.redd.it/28xmu9hy2dq01.jpg,2018-04-06 17:05:20
There's no Whataburger up here in Oregon so I'm making sausage BOBs at home.,chainsawgeoff,https://i.redd.it/seiuli842mk01.jpg,2018-03-08 15:51:49
Heb is AMAZING,priskillya,https://i.reddituploads.com/0f9e0068930040f4bf5c064a41f3a573?fit=max&h=1536&w=1536&s=56232ff893cd7ed3ed12825db237ac3b,2017-02-13 22:24:29
My HEB Gets It,visionofacheezburger,http://i.imgur.com/dwqCjYt.jpg,2017-07-08 19:37:39
Of course HEB has its own disaster-relief units,MerryTexMish,https://austin.eater.com/2017/8/28/16214554/heb-hurricane-harvey-recovery-cazamance-south-congress,2017-08-29 20:05:50
Something don't look right to me. Spokesman is Jota Jota Vatio,THEPOSTMANFROMTX,https://i.redd.it/bouvp8cmocn01.jpg,2018-03-22 12:32:25
